tasks_count,csv_file,stdout
10,generated_tasks/tasks_10.csv,0.099ms
20,generated_tasks/tasks_20.csv,0.097ms
30,generated_tasks/tasks_30.csv,0.108ms
40,generated_tasks/tasks_40.csv,0.114ms
50,generated_tasks/tasks_50.csv,0.126ms
60,generated_tasks/tasks_60.csv,0.191ms
70,generated_tasks/tasks_70.csv,0.138ms
80,generated_tasks/tasks_80.csv,0.148ms
90,generated_tasks/tasks_90.csv,0.160ms
100,generated_tasks/tasks_100.csv,0.167ms
110,generated_tasks/tasks_110.csv,0.179ms
120,generated_tasks/tasks_120.csv,0.239ms
130,generated_tasks/tasks_130.csv,0.179ms
140,generated_tasks/tasks_140.csv,0.175ms
150,generated_tasks/tasks_150.csv,0.191ms
160,generated_tasks/tasks_160.csv,0.192ms
170,generated_tasks/tasks_170.csv,0.202ms
180,generated_tasks/tasks_180.csv,0.281ms
190,generated_tasks/tasks_190.csv,0.220ms
200,generated_tasks/tasks_200.csv,0.217ms
